{
  "famine": {
    "regime": "famine",
    "preshock_end_step": 3000,
    "summaries": {
      "baseline": {
        "n_seeds": 30,
        "preshock_auc": {
          "per_seed": [
            3946.0,
            3804.0,
            3442.0,
            3177.0,
            3688.0,
            3297.0,
            3759.0,
            3669.0,
            3472.0,
            3510.0,
            3520.0,
            3744.0,
            3411.0,
            3552.0,
            3493.0,
            3714.0,
            3818.0,
            3361.0,
            4067.0,
            3460.0,
            3340.0,
            3665.0,
            3914.0,
            3606.0,
            3645.0,
            3902.0,
            3297.0,
            3752.0,
            3457.0,
            3483.0
          ],
          "mean": 3598.8333333333335,
          "std": 216.86959109158178
        },
        "preshock_kin_fraction_mean": {
          "per_seed": [
            0.0,
            0.0,
            0.0,
            0.0,
            0.0,
            0.0,
            0.0,
            0.0,
            0.0,
            0.0,
            0.0,
            0.0,
            0.0,
            0.0,
            0.0,
            0.0,
            0.0,
            0.0,
            0.0,
            0.0,
            0.0,
            0.0,
            0.0,
            0.0,
            0.0,
            0.0,
            0.0,
            0.0,
            0.0,
            0.0
          ],
          "mean": 0.0
        }
      },
      "candidateB_on": {
        "n_seeds": 30,
        "preshock_auc": {
          "per_seed": [
            4117.0,
            3903.0,
            3786.0,
            3844.0,
            3710.0,
            3364.0,
            3448.0,
            3692.0,
            3628.0,
            3200.0,
            3668.0,
            3658.0,
            3593.0,
            3858.0,
            3507.0,
            3713.0,
            3345.0,
            3979.0,
            3750.0,
            3448.0,
            3748.0,
            3656.0,
            3502.0,
            3641.0,
            3560.0,
            3542.0,
            3557.0,
            4009.0,
            3817.0,
            3567.0
          ],
          "mean": 3660.3333333333335,
          "std": 204.523050439112
        },
        "preshock_kin_fraction_mean": {
          "per_seed": [
            0.27810261100000006,
            0.30436415133333344,
            0.378732868,
            0.339169536,
            0.3341370116666667,
            0.3357687586666666,
            0.35564492700000006,
            0.3571583883333334,
            0.3336465656666666,
            0.3278387603333333,
            0.3337537386666666,
            0.34681593766666663,
            0.307401924,
            0.3265136490000001,
            0.295331433,
            0.28485370766666673,
            0.31919142400000006,
            0.3061812353333334,
            0.33326834,
            0.367857809,
            0.3451278909999999,
            0.34799209200000003,
            0.30659060433333335,
            0.292422437,
            0.3286176213333334,
            0.3314529420000001,
            0.3349468616666666,
            0.30688032700000006,
            0.3322539246666667,
            0.33604422133333334
          ],
          "mean": 0.32760205662222225
        }
      },
      "candidateB_ablated": {
        "n_seeds": 30,
        "preshock_auc": {
          "per_seed": [
            4117.0,
            3903.0,
            3786.0,
            3844.0,
            3710.0,
            3364.0,
            3448.0,
            3692.0,
            3628.0,
            3200.0,
            3668.0,
            3658.0,
            3593.0,
            3858.0,
            3507.0,
            3713.0,
            3345.0,
            3979.0,
            3750.0,
            3448.0,
            3748.0,
            3656.0,
            3502.0,
            3641.0,
            3560.0,
            3542.0,
            3557.0,
            4009.0,
            3817.0,
            3567.0
          ],
          "mean": 3660.3333333333335,
          "std": 204.523050439112
        },
        "preshock_kin_fraction_mean": {
          "per_seed": [
            0.27810261100000006,
            0.30436415133333344,
            0.378732868,
            0.339169536,
            0.3341370116666667,
            0.3357687586666666,
            0.35564492700000006,
            0.3571583883333334,
            0.3336465656666666,
            0.3278387603333333,
            0.3337537386666666,
            0.34681593766666663,
            0.307401924,
            0.3265136490000001,
            0.295331433,
            0.28485370766666673,
            0.31919142400000006,
            0.3061812353333334,
            0.33326834,
            0.367857809,
            0.3451278909999999,
            0.34799209200000003,
            0.30659060433333335,
            0.292422437,
            0.3286176213333334,
            0.3314529420000001,
            0.3349468616666666,
            0.30688032700000006,
            0.3322539246666667,
            0.33604422133333334
          ],
          "mean": 0.32760205662222225
        }
      },
      "sham": {
        "n_seeds": 30,
        "preshock_auc": {
          "per_seed": [
            3965.0,
            4140.0,
            3749.0,
            3830.0,
            3783.0,
            3445.0,
            3369.0,
            3271.0,
            3736.0,
            3491.0,
            3713.0,
            3894.0,
            3892.0,
            3753.0,
            3370.0,
            3549.0,
            3334.0,
            3883.0,
            3646.0,
            3441.0,
            3675.0,
            3659.0,
            3693.0,
            3591.0,
            3647.0,
            3741.0,
            3815.0,
            3228.0,
            3546.0,
            3332.0
          ],
          "mean": 3639.366666666667,
          "std": 223.1300043709378
        },
        "preshock_kin_fraction_mean": {
          "per_seed": [
            0.2802573036666667,
            0.2815024020000001,
            0.3688904073333334,
            0.32444233733333344,
            0.322187522,
            0.30032464233333334,
            0.33992267400000004,
            0.3698539700000001,
            0.3290280690000001,
            0.340686116,
            0.29917177933333333,
            0.3270646276666667,
            0.292657041,
            0.3235104246666667,
            0.3019536126666667,
            0.258961094,
            0.3048875996666667,
            0.30305842866666666,
            0.34382086866666667,
            0.34057296,
            0.340293798,
            0.3429465396666666,
            0.3045528546666667,
            0.3104050546666667,
            0.305551015,
            0.30383877633333334,
            0.31101868899999996,
            0.29043873066666664,
            0.3541440293333334,
            0.32419762733333335
          ],
          "mean": 0.31800469982222224
        }
      }
    },
    "pairwise_vs_baseline": {
      "candidateB_on": {
        "metric": "preshock_auc",
        "wilcoxon_stat": 169.5,
        "wilcoxon_p": 0.19503073698084117,
        "tost_p_upper": 0.06631511734651108,
        "tost_p_lower": 0.0002418918749692578,
        "tost_p": 0.06631511734651108,
        "tost_sesoi": 0.5,
        "paired_cohens_d": 0.21749883633258393,
        "paired_cohens_d_ci_lo": -0.16029755537253565,
        "paired_cohens_d_ci_hi": 0.5952952280377035,
        "cliffs_delta": 0.1688888888888889,
        "wilcoxon_p_adj": 0.5850922109425235
      },
      "candidateB_ablated": {
        "metric": "preshock_auc",
        "wilcoxon_stat": 169.5,
        "wilcoxon_p": 0.19503073698084117,
        "tost_p_upper": 0.06631511734651108,
        "tost_p_lower": 0.0002418918749692578,
        "tost_p": 0.06631511734651108,
        "tost_sesoi": 0.5,
        "paired_cohens_d": 0.21749883633258393,