{
  "data_sources": {
    "baseline": "/Users/yuyamukai/Research/life_criteria/experiments/criterion8_baseline.json",
    "criterion8_on": "/Users/yuyamukai/Research/life_criteria/experiments/criterion8_criterion8_on.json",
    "criterion8_ablated": "/Users/yuyamukai/Research/life_criteria/experiments/criterion8_criterion8_ablated.json",
    "sham": "/Users/yuyamukai/Research/life_criteria/experiments/criterion8_sham.json"
  },
  "summaries": {
    "baseline": {
      "n_seeds": 30,
      "survival_auc": {
        "per_seed": [
          10345.0,
          12762.0,
          11691.0,
          10647.0,
          11388.0,
          12051.0,
          11190.0,
          12190.0,
          11870.0,
          12629.0,
          11160.0,
          12755.0,
          10686.0,
          11911.0,
          12655.0,
          12792.0,
          12230.0,
          12150.0,
          10713.0,
          11851.0,
          12767.0,
          12126.0,
          11653.0,
          12564.0,
          10882.0,
          11970.0,
          12030.0,
          11649.0,
          12794.0,
          12770.0
        ],
        "mean": 11895.7,
        "median": 12000.0,
        "std": 739.5856785133612
      },
      "memory_late_variance": {
        "per_seed": [
          0.0,
          0.0,
          0.0,
          0.0,
          0.0,
          0.0,
          0.0,
          0.0,
          0.0,
          0.0,
          0.0,
          0.0,
          0.0,
          0.0,
          0.0,
          0.0,
          0.0,
          0.0,
          0.0,
          0.0,
          0.0,
          0.0,
          0.0,
          0.0,
          0.0,
          0.0,
          0.0,
          0.0,
          0.0,
          0.0
        ],
        "mean": 0.0,
        "n_valid": 30
      },
      "mean_alive_final": 126.13333333333334
    },
    "criterion8_on": {
      "n_seeds": 30,
      "survival_auc": {
        "per_seed": [
          12340.0,
          10742.0,
          11771.0,
          11477.0,
          12239.0,
          11771.0,
          12744.0,
          10978.0,
          13615.0,
          12727.0,
          12456.0,
          12620.0,
          11749.0,
          12151.0,
          11121.0,
          10458.0,
          10545.0,
          13072.0,
          12393.0,
          13203.0,
          12460.0,
          11756.0,
          12487.0,
          11600.0,
          11261.0,
          13886.0,
          11024.0,
          11390.0,
          11133.0,
          12896.0
        ],
        "mean": 12002.166666666666,
        "median": 11961.0,
        "std": 894.722884601643
      },
      "memory_late_variance": {
        "per_seed": [
          9.454273293355817e-06,
          8.446361622959844e-05,
          2.3170689808540082e-05,
          2.3481737319943355e-05,
          5.4158636202129585e-05,
          9.900916402757818e-05,
          1.4870194059549637e-05,
          0.00017059485224299342,
          2.3072139632866334e-05,
          6.197767392268006e-05,
          3.856052114996193e-05,
          4.4999901466311945e-05,
          5.446300255136257e-05,
          0.00014699526945374892,
          5.898288644544045e-05,
          2.9892542038692133e-05,
          1.660717267213395e-05,
          3.653514394328998e-05,
          0.0007705863368539151,
          7.834070977296432e-05,
          0.0007096458456038454,
          2.2069862174526913e-05,
          1.4348365920333092e-05,
          8.12534853407079e-05,
          0.00019468534718713088,
          4.468396091120129e-05,
          2.9210189327710332e-05,
          7.946497912802562e-05,
          4.762832737205591e-05,
          6.780466142252557e-05
        ],
        "mean": 0.00010436704958250398,
        "n_valid": 30
      },
      "mean_alive_final": 122.03333333333333
    },
    "criterion8_ablated": {
      "n_seeds": 30,
      "survival_auc": {
        "per_seed": [
          12342.0,
          10724.0,
          11770.0,
          11477.0,
          12239.0,
          11760.0,
          12744.0,
          10757.0,
          13678.0,
          12711.0,
          12456.0,
          12586.0,
          11755.0,
          12127.0,
          11175.0,
          10458.0,
          10508.0,
          13203.0,
          12407.0,
          13104.0,
          11874.0,
          11744.0,
          12505.0,
          11595.0,
          11233.0,
          13896.0,
          11036.0,
          11370.0,
          11133.0,
          12924.0
        ],
        "mean": 11976.366666666667,
        "median": 11822.0,
        "std": 908.7347203414333
      },
      "memory_late_variance": {
        "per_seed": [
          0.0,
          0.0,
          0.0,
          0.0,
          0.0,
          0.0,
          0.0,
          0.0,
          0.0,
          0.0,
          0.0,
          0.0,
          0.0,
          0.0,
          0.0,
          0.0,
          0.0,
          0.0,
          0.0,
          0.0,
          0.0,
          0.0,
          0.0,
          0.0,
          0.0,
          0.0,
          0.0,
          0.0,
          0.0,
          0.0
        ],
        "mean": 0.0,
        "n_valid": 30
      },
      "mean_alive_final": 118.83333333333333
    },
    "sham": {
      "n_seeds": 30,
      "survival_auc": {
        "per_seed": [
          12589.0,
          12668.0,
          11486.0,
          12087.0,
          12024.0,
          12600.0,
          12861.0,
          11168.0,
          12844.0,
          12112.0,
          10862.0,
          12747.0,
          12086.0,
          11187.0,
          10870.0,
          10484.0,
          11042.0,
          10901.0,
          13930.0,
          12778.0,
          12946.0,
          11017.0,
          13253.0,
          11446.0,
          10707.0,
          10945.0,
          11621.0,
          12582.0,
          11517.0,
          13810.0
        ],
        "mean": 11972.333333333334,
        "median": 12055.0,
        "std": 958.2316447798368
      },
      "memory_late_variance": {
        "per_seed": [
          0.0007241641922291564,
          0.0008138529354521485,
          0.0008789727374070324,
          0.000644742638412961,
          0.0008460811498244227,
          0.0008084609574708679,
          0.0007088546762587818,
          0.0007235398438266584,
          0.0006498378802246406,
          0.0008891905595816091,
          0.0009196904944255758,
          0.0007367984413004598,
          0.0007047270403695436,
          0.0006265754347860171,
          0.0010148083978551796,
          0.0006265311157229001,
          0.0009638119371917734,
          0.0011437262258016784,
          0.0005073297104351594,
          0.00036860882786603997,
          0.00048318462806943874,
          0.0009869939287551171,
          0.0005610119824895808,
          0.0005790834169712241,
          0.0004844500883134651,
          0.001042082793443226,
          0.0005550232008240574,
          0.00037811029028502136,
          0.0008909273197670145,
          0.0006214007227309972
        ],
        "mean": 0.0007294191189363917,
        "n_valid": 30
      },
      "mean_alive_final": 117.23333333333333
    }
  },
  "pairwise_vs_baseline": {
    "criterion8_on": {
      "vs_baseline_mwu_u": 466.0,
      "vs_baseline_mwu_p_raw": 0.818743179075688,
      "vs_baseline_cohen_d": 0.12970648403548565,
      "vs_baseline_mwu_p_adj": 0.9351919702393391,
      "vs_baseline_significant_adj005": false
    },
    "criterion8_ablated": {
      "vs_baseline_mwu_u": 456.0,
      "vs_baseline_mwu_p_raw": 0.9351919702393391,
      "vs_baseline_cohen_d": 0.09736608887778161,
      "vs_baseline_mwu_p_adj": 0.9351919702393391,
      "vs_baseline_significant_adj005": false
    },
    "sham": {
      "vs_baseline_mwu_u": 464.0,
      "vs_baseline_mwu_p_raw": 0.8418014501581275,
      "vs_baseline_cohen_d": 0.08953338846034378,
      "vs_baseline_mwu_p_adj": 0.9351919702393391,
      "vs_baseline_significant_adj005": false
    }
  },