{
  "experiment": "criterion_ablation",
  "n_per_condition": 30,
  "alpha": 0.05,
  "correction": "holm_bonferroni",
  "significant_count": 7,
  "total_comparisons": 7,
  "comparisons": [
    {
      "condition": "no_metabolism",
      "n_normal": 30,
      "n_ablated": 30,
      "normal_mean": 341.3,
      "ablation_mean": 46.03333333333333,
      "normal_dist": {
        "median": 340.5,
        "q25": 327.25,
        "q75": 356.25,
        "mean": 341.3,
        "std": 27.50943411844819
      },
      "ablation_dist": {
        "median": 46.0,
        "q25": 45.0,
        "q75": 47.0,
        "mean": 46.03333333333333,
        "std": 1.6709141279516748
      },
      "U": 900.0,
      "p_raw": 1.3051617319001385e-11,
      "cohens_d": 15.1512,
      "cohens_d_ci_lo": 12.2883,
      "cohens_d_ci_hi": 18.0142,
      "cliffs_delta": 1.0,
      "cliffs_delta_ci_lo": 1.0,
      "cliffs_delta_ci_hi": 1.0,
      "normal_auc_mean": 510890.0,
      "ablation_auc_mean": 94084.17,
      "normal_median_lifespan": 242.0,
      "ablation_median_lifespan": 1109.0,
      "p_corrected": 0.0,
      "significant": true
    },
    {
      "condition": "no_boundary",
      "n_normal": 30,
      "n_ablated": 30,
      "normal_mean": 341.3,
      "ablation_mean": 235.23333333333332,
      "normal_dist": {
        "median": 340.5,
        "q25": 327.25,
        "q75": 356.25,
        "mean": 341.3,
        "std": 27.50943411844819
      },
      "ablation_dist": {
        "median": 237.0,
        "q25": 212.25,
        "q75": 267.5,
        "mean": 235.23333333333332,
        "std": 51.219395123152424
      },
      "U": 889.5,
      "p_raw": 4.255940462707581e-11,
      "cohens_d": 2.58,
      "cohens_d_ci_lo": 1.875,
      "cohens_d_ci_hi": 3.285,
      "cliffs_delta": 0.9767,
      "cliffs_delta_ci_lo": 0.9311,
      "cliffs_delta_ci_hi": 1.0,
      "normal_auc_mean": 510890.0,
      "ablation_auc_mean": 337725.0,
      "normal_median_lifespan": 242.0,
      "ablation_median_lifespan": 272.0,
      "p_corrected": 0.0,
      "significant": true
    },
    {
      "condition": "no_homeostasis",
      "n_normal": 30,
      "n_ablated": 30,
      "normal_mean": 341.3,
      "ablation_mean": 185.9,
      "normal_dist": {
        "median": 340.5,
        "q25": 327.25,
        "q75": 356.25,
        "mean": 341.3,
        "std": 27.50943411844819
      },
      "ablation_dist": {
        "median": 211.0,
        "q25": 174.0,
        "q75": 237.75,
        "mean": 185.9,
        "std": 84.72891864748667
      },
      "U": 900.0,
      "p_raw": 1.5004911894900414e-11,
      "cohens_d": 2.467,
      "cohens_d_ci_lo": 1.7761,
      "cohens_d_ci_hi": 3.1579,
      "cliffs_delta": 1.0,
      "cliffs_delta_ci_lo": 1.0,
      "cliffs_delta_ci_hi": 1.0,
      "normal_auc_mean": 510890.0,
      "ablation_auc_mean": 260993.33,
      "normal_median_lifespan": 242.0,
      "ablation_median_lifespan": 281.0,
      "p_corrected": 0.0,
      "significant": true
    },
    {
      "condition": "no_response",
      "n_normal": 30,
      "n_ablated": 30,
      "normal_mean": 341.3,
      "ablation_mean": 40.0,
      "normal_dist": {
        "median": 340.5,
        "q25": 327.25,
        "q75": 356.25,
        "mean": 341.3,
        "std": 27.50943411844819
      },
      "ablation_dist": {
        "median": 40.0,
        "q25": 37.0,
        "q75": 42.75,
        "mean": 40.0,
        "std": 4.025778999364488
      },
      "U": 900.0,
      "p_raw": 1.472497737184563e-11,
      "cohens_d": 15.3261,
      "cohens_d_ci_lo": 12.4311,
      "cohens_d_ci_hi": 18.221,
      "cliffs_delta": 1.0,
      "cliffs_delta_ci_lo": 1.0,
      "cliffs_delta_ci_hi": 1.0,
      "normal_auc_mean": 510890.0,
      "ablation_auc_mean": 117705.83,
      "normal_median_lifespan": 242.0,
      "ablation_median_lifespan": 152.0,
      "p_corrected": 0.0,
      "significant": true
    },
    {
      "condition": "no_reproduction",
      "n_normal": 30,
      "n_ablated": 30,
      "normal_mean": 341.3,
      "ablation_mean": 31.266666666666666,
      "normal_dist": {
        "median": 340.5,
        "q25": 327.25,
        "q75": 356.25,
        "mean": 341.3,
        "std": 27.50943411844819
      },
      "ablation_dist": {
        "median": 31.5,
        "q25": 29.0,
        "q75": 33.75,
        "mean": 31.266666666666666,
        "std": 3.4931789033163922
      },
      "U": 900.0,
      "p_raw": 1.4595979033552415e-11,
      "cohens_d": 15.8113,
      "cohens_d_ci_lo": 12.8276,
      "cohens_d_ci_hi": 18.795,
      "cliffs_delta": 1.0,
      "cliffs_delta_ci_lo": 1.0,
      "cliffs_delta_ci_hi": 1.0,
      "normal_auc_mean": 510890.0,
      "ablation_auc_mean": 74545.0,
      "normal_median_lifespan": 242.0,
      "ablation_median_lifespan": 751.0,
      "p_corrected": 0.0,
      "significant": true
    },
    {
      "condition": "no_evolution",
      "n_normal": 30,
      "n_ablated": 30,
      "normal_mean": 341.3,
      "ablation_mean": 321.3666666666667,
      "normal_dist": {
        "median": 340.5,
        "q25": 327.25,
        "q75": 356.25,
        "mean": 341.3,
        "std": 27.50943411844819
      },
      "ablation_dist": {
        "median": 327.5,
        "q25": 298.5,
        "q75": 340.75,
        "mean": 321.3666666666667,
        "std": 40.49817648796763
      },
      "U": 601.5,
      "p_raw": 0.012776297610802354,
      "cohens_d": 0.5758,
      "cohens_d_ci_lo": 0.048,
      "cohens_d_ci_hi": 1.1036,
      "cliffs_delta": 0.3367,
      "cliffs_delta_ci_lo": 0.0555,
      "cliffs_delta_ci_hi": 0.5889,
      "normal_auc_mean": 510890.0,
      "ablation_auc_mean": 470836.67,
      "normal_median_lifespan": 242.0,
      "ablation_median_lifespan": 223.0,
      "p_corrected": 0.012776,
      "significant": true
    },
    {
      "condition": "no_growth",
      "n_normal": 30,
      "n_ablated": 30,
      "normal_mean": 341.3,
      "ablation_mean": 185.6,
      "normal_dist": {
        "median": 340.5,
        "q25": 327.25,
        "q75": 356.25,
        "mean": 341.3,
        "std": 27.50943411844819
      },
      "ablation_dist": {
        "median": 185.5,
        "q25": 170.5,
        "q75": 199.75,
        "mean": 185.6,
        "std": 20.075031670005508
      },
      "U": 900.0,
      "p_raw": 1.501432610505499e-11,
      "cohens_d": 6.4657,
      "cohens_d_ci_lo": 5.1576,
      "cohens_d_ci_hi": 7.7738,
      "cliffs_delta": 1.0,
      "cliffs_delta_ci_lo": 1.0,
      "cliffs_delta_ci_hi": 1.0,
      "normal_auc_mean": 510890.0,
      "ablation_auc_mean": 300252.5,
      "normal_median_lifespan": 242.0,
      "ablation_median_lifespan": 109.0,
      "p_corrected": 0.0,
      "significant": true
    }
  ],
  "short_horizon": {
    "step": 500,
    "comparisons": [
      {
        "condition": "no_metabolism",
        "normal_mean_500": 179.0,
        "ablation_mean_500": 49.53,
        "U": 900.0,
        "p_raw": 4.645005675056333e-12,
        "p_corrected": 0.0,
        "significant": true
      },
      {
        "condition": "no_boundary",
        "normal_mean_500": 179.0,
        "ablation_mean_500": 128.93,
        "U": 822.0,
        "p_raw": 1.97041952174894e-08,
        "p_corrected": 0.0,
        "significant": true
      },
      {
        "condition": "no_homeostasis",
        "normal_mean_500": 179.0,
        "ablation_mean_500": 86.67,
        "U": 894.0,
        "p_raw": 2.728631838526064e-11,
        "p_corrected": 0.0,
        "significant": true
      },
      {
        "condition": "no_response",
        "normal_mean_500": 179.0,
        "ablation_mean_500": 62.43,
        "U": 900.0,
        "p_raw": 1.476202461298494e-11,
        "p_corrected": 0.0,
        "significant": true
      },
      {
        "condition": "no_reproduction",
        "normal_mean_500": 179.0,
        "ablation_mean_500": 47.73,
        "U": 900.0,
        "p_raw": 1.3293964693163124e-11,
        "p_corrected": 0.0,